Number;BlockHash;Previous_BlockHash;Content_Hash;Nonce;TimeStamp
0;0000000000000000000000000000000000000000000000000000000000000000;0000000000000000000000000000000000000000000000000000000000000000;0000000000000000000000000000000000000000000000000000000000000000;0;00/00/0000 00:00:00
1;a61fc1312647d74497d2d3f49521343d0cfa1a9c5712615d0a6a1c09b40593d4;0000000000000000000000000000000000000000000000000000000000000000;5d85f8bd80200582c0a6aeff4019bb8734ec108bf69449aa62bdcbce6c878629;1090;05/28/2024 01:53:19
2;a54f60e4700e9f75444d9c39185849c71529832e9fd190325c7aa88f1409f50f;a61fc1312647d74497d2d3f49521343d0cfa1a9c5712615d0a6a1c09b40593d4;3bca25b6e15489de6db7960cd1783d24d6e23e5c2ffde7345e4626165cc66963;2956;05/28/2024 02:02:16
3;ae9cee1a1881646e8b63131c5387fa55019c2a1406f907821d1f79721d203679;a54f60e4700e9f75444d9c39185849c71529832e9fd190325c7aa88f1409f50f;196e422c71db3be8cf322e189d17390e5c4571887c6f4bdf6cf003ecf5d633db;4765;05/28/2024 02:05:35
4;a4885e977ebbf44af6be14e2b034e9d22e9a3da49ba944ddc76c66f700de5580;ae9cee1a1881646e8b63131c5387fa55019c2a1406f907821d1f79721d203679;7dcabc7261984046283c019814241188ba9a570ce575d219ac61f018e58e1eec;2154;05/28/2024 02:12:23
5;ab09d6f682faf5dbce8c7df1c5491c82daa9965b202689a97a72cd98e2356492;a4885e977ebbf44af6be14e2b034e9d22e9a3da49ba944ddc76c66f700de5580;9a6fca9108dead83e9addbcf47ac97b12dcc9cd55db7dc18ed6713dad99ae5ca;348;05/28/2024 02:15:00
6;a7d0cf4343199689a4e7dc17be4bd1b40c712d923a70c71c9288e8abd19b203d;ab09d6f682faf5dbce8c7df1c5491c82daa9965b202689a97a72cd98e2356492;fad27d616aeca7334059f038682101496955ae2b551480baaf3390ab8563c329;3283;05/28/2024 02:18:41
7;a3e3f26badf36ea7579225f37049906da3217ab47179709326a19c8f3ed89372;a7d0cf4343199689a4e7dc17be4bd1b40c712d923a70c71c9288e8abd19b203d;7cc846e55ba687636dbbcde147bd5468d022a20a8909c9edad3eafdb963bd1a6;2386;05/28/2024 02:21:00
8;a000035d67cc689503a2bdbcc4b755f2eb736374fdeb4be42b265c6ea68b2ca4;a3e3f26badf36ea7579225f37049906da3217ab47179709326a19c8f3ed89372;ec06741aca2a237b76295d822dd19ceed003b4e16c8a944852482696ee57eb08;4468;05/28/2024 02:24:51
9;a09cd50821a1e73ad7ab09861d66767bd7f7f003631badb08e53a1ce7ef8f070;a000035d67cc689503a2bdbcc4b755f2eb736374fdeb4be42b265c6ea68b2ca4;6e74a07571fb3e44d7fee5fe41bd9e18e4a9de3f735150adda434480e7afccc2;4820;05/28/2024 02:27:40
10;a5864f131d70f020bf8e994dd0b1b1fc7dc42555d38e596779a750582ea9ba60;a09cd50821a1e73ad7ab09861d66767bd7f7f003631badb08e53a1ce7ef8f070;8a112ff19d1108ccbc668d77a2449bc96e1b8804ac1e85afe00c986775bf2099;3936;05/28/2024 02:29:04